{"metadata": {"model_version": 2}, "regression": {"best_model": "gradient_boosting", "r2_score": 0.9255, "accuracy_pct": 92.55, "mae": 0.16, "rmse": 0.39, "mape": 7.27}, "classification": {"best_model": "random_forest", "accuracy": 0.9889, "confusion_matrix": [[5591, 0, 74], [0, 4789, 88], [20, 40, 9398]], "labels": ["High Burnout Risk", "Low Burnout Risk", "Moderate Burnout Risk"], "report": {"High Burnout Risk": {"precision": 0.9964355729816432, "recall": 0.9869373345101501, "f1-score": 0.9916637105356509, "support": 5665.0}, "Low Burnout Risk": {"precision": 0.9917167115344792, "recall": 0.9819561205659216, "f1-score": 0.9868122810632598, "support": 4877.0}, "Moderate Burnout Risk": {"precision": 0.9830543933054393, "recall": 0.9936561640938888, "f1-score": 0.9883268482490273, "support": 9458.0}, "accuracy": 0.9889, "macro avg": {"precision": 0.9904022259405205, "recall": 0.9875165397233202, "f1-score": 0.9889342799493127, "support": 20000.0}, "weighted avg": {"precision": 0.9889569187488755, "recall": 0.9889, "f1-score": 0.988902687283464, "support": 20000.0}}}}